,24hr growth,link,marketcap,name,price,symbol,time
0,"
  +0.54%
   ",/coin/Qwsogvtv82FCd+bitcoin-btc,"
    
  
  284.60 billion
  ","
      Bitcoin
    ","
    
  
  15351.86
  ","
      BTC
    ",20201110195023
1,"
  +3.56%
   ",/coin/razxDUgYGNAdQ+ethereum-eth,"
    
  
  51.81 billion
  ","
      Ethereum
    ","
    
  
  459.34
  ","
      ETH
    ",20201110195023
2,"
  -0.59%
   ",/coin/HIVsRcGKkPFtW+tetherusd-usdt,"
    
  
  17.39 billion
  ","
      Tether USD
    ","
    
  
  0.9956
  ","
      USDT
    ",20201110195023
3,"
  +2.93%
   ",/coin/-l8Mn2pVlRs-p+xrp-xrp,"
    
  
  11.32 billion
  ","
      XRP
    ","
    
  
  0.2568
  ","
      XRP
    ",20201110195023
4,"
  +6.88%
   ",/coin/VLqpJwogdhHNb+chainlink-link,"
    
  
  5.18 billion
  ","
      Chainlink
    ","
    
  
  13.26
  ","
      LINK
    ",20201110195023
5,"
  -1.37%
   ",/coin/ZlZpzOJo43mIo+bitcoincash-bch,"
    
  
  4.81 billion
  ","
      Bitcoin Cash
    ","
    
  
  259.00
  ","
      BCH
    ",20201110195023
6,"
  +3.45%
   ",/coin/25W7FG7om+polkadot-dot,"
    
  
  4.52 billion
  ","
      Polkadot
    ","
    
  
  4.47
  ","
      DOT
    ",20201110195023
7,"
  +1.19%
   ",/coin/D7B1x_ks7WhV5+litecoin-ltc,"
    
  
  3.95 billion
  ","
      Litecoin
    ","
    
  
  59.58
  ","
      LTC
    ",20201110195023
8,"
  +1.63%
   ",/coin/WcwrkfNI4FUAe+binancecoin-bnb,"
    
  
  3.56 billion
  ","
      Binance Coin
    ","
    
  
  28.34
  ","
      BNB
    ",20201110195023
9,"
  +1.62%
   ",/coin/qzawljRxB5bYu+cardano-ada,"
    
  
  3.32 billion
  ","
      Cardano
    ","
    
  
  0.1067
  ","
      ADA
    ",20201110195023
10,"
  +4.54%
   ",/coin/Mtfb0obXVh59u+wrappedether-weth,"
    
  
  3.20 billion
  ","
      Wrapped Ether
    ","
    
  
  458.62
  ","
      WETH
    ",20201110195023
11,"
  -12.66%
   ",/coin/9K7m6ufraZ6gh+hex-hex,"
    
  
  3.12 billion
  ","
      HEX
    ","
    
  
  0.00775
  ","
      HEX
    ",20201110195023
12,"
  -0.79%
   ",/coin/VcMY11NONHSA0+bitcoinsv-bsv,"
    
  
  2.93 billion
  ","
      Bitcoin SV
    ","
    
  
  158.17
  ","
      BSV
    ",20201110195023
13,"
  -0.65%
   ",/coin/aKzUVe4Hh_CON+usdc-usdc,"
    
  
  2.82 billion
  ","
      USDC
    ","
    
  
  0.9935
  ","
      USDC
    ",20201110195023
14,"
  +0.85%
   ",/coin/iAzbfXiBBKkR6+eos-eos,"
    
  
  2.33 billion
  ","
      EOS
    ","
    
  
  2.52
  ","
      EOS
    ",20201110195023
15,"
  +0.97%
   ",/coin/3mVx2FX_iJFp5+monero-xmr,"
    
  
  2.07 billion
  ","
      Monero
    ","
    
  
  116.65
  ","
      XMR
    ",20201110195023
16,"
  +0.68%
   ",/coin/x4WXHge-vvFY+wrappedbtc-wbtc,"
    
  
  1.89 billion
  ","
      Wrapped BTC
    ","
    
  
  15330.51
  ","
      WBTC
    ",20201110195023
17,"
  +1.04%
   ",/coin/qUhEFk1I61atv+tron-trx,"
    
  
  1.66 billion
  ","
      TRON
    ","
    
  
  0.02504
  ","
      TRX
    ",20201110195023
18,"
  +1.83%
   ",/coin/fsIbGOEJWbzxG+tezos-xtz,"
    
  
  1.63 billion
  ","
      Tezos
    ","
    
  
  2.18
  ","
      XTZ
    ",20201110195023
19,"
  +1.50%
   ",/coin/f3iaFeCKEmkaZ+stellar-xlm,"
    
  
  1.63 billion
  ","
      Stellar
    ","
    
  
  0.0807
  ","
      XLM
    ",20201110195023
20,"
  -1.20%
   ",/coin/65PHZTpmE55b+cryptocomchain-cro,"
    
  
  1.49 billion
  ","
      Crypto.com Chain
    ","
    
  
  0.0702
  ","
      CRO
    ",20201110195023
21,"
  +0.13%
   ",/coin/PDKcptVnzJTmN+okb-okb,"
    
  
  1.28 billion
  ","
      OKB
    ","
    
  
  4.63
  ","
      OKB
    ",20201110195023
22,"
  +0.37%
   ",/coin/mqtUpyBxu8O8+leo-leo,"
    
  
  1.27 billion
  ","
      LEO
    ","
    
  
  1.29
  ","
      LEO
    ",20201110195023
23,"
  +0.40%
   ",/coin/Knsels4_Ol-Ny+cosmos-atom,"
    
  
  1.22 billion
  ","
      Cosmos
    ","
    
  
  5.12
  ","
      ATOM
    ",20201110195023
24,"
  +2.98%
   ",/coin/cVaOmQWainv7g+neo-neo,"
    
  
  1.14 billion
  ","
      NEO
    ","
    
  
  15.75
  ","
      NEO
    ",20201110195023
25,"
  -1.42%
   ",/coin/ymQub4fuB+filecoin-fil,"
    
  
  975.64 million
  ","
      Filecoin
    ","
    
  
  30.49
  ","
      FIL
    ",20201110195023
26,"
  +8.94%
   ",/coin/DZtb-6X8yCx0h+nem-xem,"
    
  
  959.75 million
  ","
      NEM
    ","
    
  
  0.1356
  ","
      XEM
    ",20201110195023
27,"
  +18.52%
   ",/coin/_H5FVG9iW+uniswap-uni,"
    
  
  839.49 million
  ","
      Uniswap
    ","
    
  
  3.14
  ","
      UNI
    ",20201110195023
28,"
  +11.96%
   ",/coin/TpHE2IShQw-sJ+algorand-algo,"
    
  
  807.09 million
  ","
      Algorand
    ","
    
  
  0.2890
  ","
      ALGO
    ",20201110195023
29,"
  +26.18%
   ",/coin/ixgUfzmLR+aave-aave,"
    
  
  778.23 million
  ","
      Aave
    ","
    
  
  68.11
  ","
      AAVE
    ",20201110195023
30,"
  -0.84%
   ",/coin/h0XuVJXY+bitcoinvault-btcv,"
    
  
  776.02 million
  ","
      Bitcoin Vault
    ","
    
  
  83.05
  ","
      BTCV
    ",20201110195023
31,"
  +5.86%
   ",/coin/FEbS54wxo4oIl+vechain-vet,"
    
  
  753.80 million
  ","
      VeChain
    ","
    
  
  0.01162
  ","
      VET
    ",20201110195023
32,"
  -2.03%
   ",/coin/DXwP4wF9ksbBO+huobitoken-ht,"
    
  
  752.41 million
  ","
      Huobi Token
    ","
    
  
  3.67
  ","
      HT
    ",20201110195023
33,"
  +2.25%
   ",/coin/LtWwuVANwRzV_+iota-miota,"
    
  
  714.03 million
  ","
      IOTA
    ","
    
  
  0.2569
  ","
      MIOTA
    ",20201110195023
34,"
  +2.79%
   ",/coin/rk5XwL6mIjUDp+celsiusnetwork-cel,"
    
  
  693.96 million
  ","
      Celsius Network
    ","
    
  
  1.92
  ","
      CEL
    ",20201110195023
35,"
  +2.06%
   ",/coin/C9DwH-T7MEGmo+dash-dash,"
    
  
  681.00 million
  ","
      Dash
    ","
    
  
  69.46
  ","
      DASH
    ",20201110195023
36,"
  +0.95%
   ",/coin/B42IRxNtoYmwK+thetatoken-theta,"
    
  
  646.83 million
  ","
      Theta Token
    ","
    
  
  0.6468
  ","
      THETA
    ",20201110195023
37,"
  +3.75%
   ",/coin/aRGRWLf2RYNq4+zcash-zec,"
    
  
  629.10 million
  ","
      Zcash
    ","
    
  
  60.22
  ","
      ZEC
    ",20201110195023
38,"
  -0.30%
   ",/coin/MoTuySvg7+multi-collateraldai-dai,"
    
  
  617.40 million
  ","
      Multi-Collateral Dai
    ","
    
  
  1.00
  ","
      DAI
    ",20201110195023
39,"
  +1.58%
   ",/coin/hnfQfsYfeIGUQ+ethereumclassic-etc,"
    
  
  599.70 million
  ","
      Ethereum Classic
    ","
    
  
  5.16
  ","
      ETC
    ",20201110195023
40,"
  -0.52%
   ",/coin/vSo2fu9iE1s0Y+busd-busd,"
    
  
  595.78 million
  ","
      BUSD 
    ","
    
  
  0.9938
  ","
      BUSD
    ",20201110195023
41,"
  +28.35%
   ",/coin/dYuh_N0n1+yearnfinance-yfi,"
    
  
  569.59 million
  ","
      yearn.finance
    ","
    
  
  19006.65
  ","
      YFI
    ",20201110195023
42,"
  +6.18%
   ",/coin/qFakph2rpuMOL+maker-mkr,"
    
  
  504.11 million
  ","
      Maker
    ","
    
  
  554.22
  ","
      MKR
    ",20201110195023
43,"
  +14.23%
   ",/coin/sgxZRXbK0FDc+synthetixnetwork-snx,"
    
  
  483.33 million
  ","
      Synthetix Network
    ","
    
  
  4.69
  ","
      SNX
    ",20201110195023
44,"
  +6.22%
   ",/coin/_tpssiAXwrHfr+omisego-omg,"
    
  
  466.59 million
  ","
      OmiseGo
    ","
    
  
  3.33
  ","
      OMG
    ",20201110195023
45,"
  -0.59%
   ",/coin/B8xT718SbVhhh+paxosstandard-pax,"
    
  
  431.20 million
  ","
      Paxos Standard
    ","
    
  
  0.9933
  ","
      PAX
    ",20201110195023
46,"
  +11.58%
   ",/coin/6Cnl5FOCZ+uma-uma,"
    
  
  429.47 million
  ","
      UMA
    ","
    
  
  7.75
  ","
      UMA
    ",20201110195023
47,"
  +12.35%
   ",/coin/7Dg6y_Ywg+compound-comp,"
    
  
  415.14 million
  ","
      Compound
    ","
    
  
  105.92
  ","
      COMP
    ",20201110195023
48,"
  -0.48%
   ",/coin/J8xX4Fc9PxEat+waves-waves,"
    
  
  394.52 million
  ","
      Waves
    ","
    
  
  3.81
  ","
      WAVES
    ",20201110195023
49,"
  +4.78%
   ",/coin/a91GCGd_u96cF+dogecoin-doge,"
    
  
  354.45 million
  ","
      Dogecoin
    ","
    
  
  0.00279
  ","
      DOGE
    ",20201110195023
50,"
  +4.50%
   ",/coin/NfeOYfNcl+ftxtoken-ftt,"
    
  
  341.63 million
  ","
      FTX Token
    ","
    
  
  3.70
  ","
      FTT
    ",20201110195040
51,"
  -0.37%
   ",/coin/bu0VTIyFnnh1u+revain-rev,"
    
  
  318.85 million
  ","
      Revain
    ","
    
  
  0.01046
  ","
      REV
    ",20201110195040
52,"
  +5.56%
   ",/coin/ePlOuwd_e+kusama-ksm,"
    
  
  312.19 million
  ","
      Kusama
    ","
    
  
  34.76
  ","
      KSM
    ",20201110195040
53,"
  +3.66%
   ",/coin/itpeyyriqoiG2+ontology-ont,"
    
  
  308.90 million
  ","
      Ontology
    ","
    
  
  0.4847
  ","
      ONT
    ",20201110195040
54,"
  +3.53%
   ",/coin/AaQUAs2Mc+terra-luna,"
    
  
  307.91 million
  ","
      Terra
    ","
    
  
  0.3086
  ","
      LUNA
    ",20201110195040
55,"
  +5.61%
   ",/coin/pOnT-qfd-RN7W+basicattentiontoken-bat,"
    
  
  307.73 million
  ","
      Basic Attention Token
    ","
    
  
  0.2059
  ","
      BAT
    ",20201110195040
56,"
  +0.83%
   ",/coin/45H4HIbe2+renbtc-renbtc,"
    
  
  292.42 million
  ","
      renBTC
    ","
    
  
  15301.81
  ","
      RENBTC
    ",20201110195040
57,"
  +9.94%
   ",/coin/jWvjEFGAtnhWN+0x-zrx,"
    
  
  290.44 million
  ","
      0x
    ","
    
  
  0.3904
  ","
      ZRX
    ",20201110195040
58,"
  -0.53%
   ",/coin/0ossbC-EnOSY+husd-husd,"
    
  
  286.27 million
  ","
      HUSD
    ","
    
  
  0.9938
  ","
      HUSD
    ",20201110195040
59,"
  -3.31%
   ",/coin/q9yo3-QDbH-lM+digibyte-dgb,"
    
  
  276.60 million
  ","
      DigiByte
    ","
    
  
  0.02014
  ","
      DGB
    ",20201110195040
60,"
  -0.48%
   ",/coin/1ZZI6g5k5royD+trueusd-tusd,"
    
  
  271.77 million
  ","
      TrueUSD
    ","
    
  
  0.9947
  ","
      TUSD
    ",20201110195040
61,"
  +4.63%
   ",/coin/Y4JFf53C0+energywebtoken-ewt,"
    
  
  246.57 million
  ","
      Energy Web Token
    ","
    
  
  7.86
  ","
      EWT
    ",20201110195040
62,"
  +1.57%
   ",/coin/3dEOkxpEKhmBT+numeraire-nmr,"
    
  
  240.14 million
  ","
      Numeraire
    ","
    
  
  24.04
  ","
      NMR
    ",20201110195040
63,"
  +6.33%
   ",/coin/3jmxrjOJ8xa4p+zilliqa-zil,"
    
  
  233.82 million
  ","
      Zilliqa
    ","
    
  
  0.01998
  ","
      ZIL
    ",20201110195040
64,"
  +7.10%
   ",/coin/Of-8L640D+orchidprotocol-oxt,"
    
  
  232.86 million
  ","
      Orchid Protocol
    ","
    
  
  0.2329
  ","
      OXT
    ",20201110195040
65,"
  +7.71%
   ",/coin/7q5-b6CZQ+bandprotocol-band,"
    
  
  227.71 million
  ","
      Band Protocol
    ","
    
  
  6.35
  ","
      BAND
    ",20201110195040
66,"
  +0.22%
   ",/coin/fZBH2J_bFVMpq+insightchain-inb,"
    
  
  210.04 million
  ","
      Insight Chain
    ","
    
  
  1.23
  ","
      INB
    ",20201110195040
67,"
  +2.23%
   ",/coin/aAKLSV5-0+oceanprotocol-ocean,"
    
  
  210.03 million
  ","
      Ocean Protocol
    ","
    
  
  0.5848
  ","
      OCEAN
    ",20201110195040
68,"
  +7.15%
   ",/coin/Th7joXDkesUfn+ren-ren,"
    
  
  207.98 million
  ","
      Ren
    ","
    
  
  0.3457
  ","
      REN
    ",20201110195040
69,"
  +1.21%
   ",/coin/bOm0xKUuDvCUu+qtum-qtum,"
    
  
  207.01 million
  ","
      QTUM
    ","
    
  
  2.01
  ","
      QTUM
    ",20201110195040
70,"
  +17.85%
   ",/coin/mMPrMcB7+blockstack-stx,"
    
  
  202.42 million
  ","
      Blockstack
    ","
    
  
  0.2205
  ","
      STX
    ",20201110195040
71,"
  +0.47%
   ",/coin/3cx3h5-CGPD4+bittorrent-btt,"
    
  
  193.21 million
  ","
      BitTorrent
    ","
    
  
  0.000293
  ","
      BTT
    ",20201110195040
72,"
  +0.46%
   ",/coin/PZLtXypWXRmQ7+cryptonex-cnx,"
    
  
  190.12 million
  ","
      Cryptonex
    ","
    
  
  1.90
  ","
      CNX
    ",20201110195040
73,"
  +0.93%
   ",/coin/jad286TjB+hederahashgraph-hbar,"
    
  
  189.44 million
  ","
      Hedera HashGraph
    ","
    
  
  0.03150
  ","
      HBAR
    ",20201110195040
74,"
  +5.21%
   ",/coin/U70EVFnDc6diV+icon-icx,"
    
  
  188.90 million
  ","
      ICON
    ","
    
  
  0.3606
  ","
      ICX
    ",20201110195040
75,"
  -6.17%
   ",/coin/1wJlqkxIpJKLN+decred-dcr,"
    
  
  186.99 million
  ","
      Decred
    ","
    
  
  15.29
  ","
      DCR
    ",20201110195040
76,"
  +35.84%
   ",/coin/Au8mNo2ZIlJfL+loopring-lrc,"
    
  
  185.04 million
  ","
      Loopring
    ","
    
  
  0.2115
  ","
      LRC
    ",20201110195040
77,"
  +9.78%
   ",/coin/SpWVy3vxSxnu4+kybernetwork-knc,"
    
  
  177.95 million
  ","
      Kyber Network
    ","
    
  
  0.8972
  ","
      KNC
    ",20201110195040
78,"
  -19.36%
   ",/coin/tEf7-dnwV3BXS+decentraland-mana,"
    
  
  174.61 million
  ","
      Decentraland
    ","
    
  
  0.0855
  ","
      MANA
    ",20201110195040
79,"
  +26.04%
   ",/coin/hqyKex9jsK15L+reserverightstoken-rsr,"
    
  
  172.96 million
  ","
      Reserve Rights Token
    ","
    
  
  0.01808
  ","
      RSR
    ",20201110195040
80,"
  +6.41%
   ",/coin/_NvQ_iCjZu4Ay+storj-storj,"
    
  
  158.04 million
  ","
      Storj
    ","
    
  
  0.3776
  ","
      STORJ
    ",20201110195040
81,"
  +13.90%
   ",/coin/ybmU-kKU+thorchain-rune,"
    
  
  147.12 million
  ","
      ThorChain
    ","
    
  
  0.6846
  ","
      RUNE
    ",20201110195040
82,"
  +3.10%
   ",/coin/-8WmRrc-b_6dN+lisk-lsk,"
    
  
  143.33 million
  ","
      Lisk
    ","
    
  
  1.13
  ","
      LSK
    ",20201110195040
83,"
  +6.26%
   ",/coin/bauj_21eYVwso+quant-qnt,"
    
  
  139.57 million
  ","
      Quant
    ","
    
  
  14.27
  ","
      QNT
    ",20201110195040
84,"
  +0.57%
   ",/coin/hfw0nnnLtSFc7+gas-gas,"
    
  
  134.59 million
  ","
      Gas
    ","
    
  
  1.40
  ","
      GAS
    ",20201110195040
85,"
  +0.28%
   ",/coin/2EBnWqhsi+nexusmutualtoken-nxm,"
    
  
  132.77 million
  ","
      Nexus Mutual Token
    ","
    
  
  18.86
  ","
      NXM
    ",20201110195040
86,"
  +1.76%
   ",/coin/frw2fHgZ+tokenizexchange-tkx,"
    
  
  125.53 million
  ","
      Tokenize Xchange
    ","
    
  
  1.57
  ","
      TKX
    ",20201110195040
87,"
  -2.78%
   ",/coin/1rnjJ1rInKP5K+bitcoingold-btg,"
    
  
  124.82 million
  ","
      Bitcoin Gold
    ","
    
  
  7.19
  ","
      BTG
    ",20201110195040
88,"
  +4.52%
   ",/coin/y9op7QPvbLERt+siacoin-sc,"
    
  
  121.97 million
  ","
      Siacoin
    ","
    
  
  0.00271
  ","
      SC
    ",20201110195040
89,"
  +6.66%
   ",/coin/LzC3fE0mO8okP+iost-iost,"
    
  
  115.98 million
  ","
      IOST
    ","
    
  
  0.00523
  ","
      IOST
    ",20201110195040
90,"
  +4.85%
   ",/coin/Hi6jNXshVh9FA+nexo-nexo,"
    
  
  113.78 million
  ","
      Nexo
    ","
    
  
  0.1761
  ","
      NEXO
    ",20201110195040
91,"
  +5.89%
   ",/coin/hG9iQlgtdwCvc+enjincoin-enj,"
    
  
  108.06 million
  ","
      Enjin Coin
    ","
    
  
  0.1420
  ","
      ENJ
    ",20201110195040
92,"
  +6.64%
   ",/coin/h6Bjn1mlb6Q2B+status-snt,"
    
  
  106.40 million
  ","
      Status
    ","
    
  
  0.02742
  ","
      SNT
    ",20201110195040
93,"
  +12.63%
   ",/coin/zNZHO_Sjf+solana-sol,"
    
  
  104.27 million
  ","
      Solana
    ","
    
  
  2.27
  ","
      SOL
    ",20201110195040
94,"
  +2.21%
   ",/coin/eFpCY2ATBkwOc+dxchaintoken-dx,"
    
  
  101.58 million
  ","
      DxChain Token
    ","
    
  
  0.00203
  ","
      DX
    ",20201110195040
95,"
  +12.97%
   ",/coin/MvVrm09NjVxNR+aelf-elf,"
    
  
  100.23 million
  ","
      aelf
    ","
    
  
  0.1160
  ","
      ELF
    ",20201110195040
96,"
  +0.86%
   ",/coin/rcob7NHLyEr3p+nano-nano,"
    
  
  99.98 million
  ","
      Nano
    ","
    
  
  0.7503
  ","
      NANO
    ",20201110195040
97,"
  +3.13%
   ",/coin/jxeDXwicOn_sp+golem-gnt,"
    
  
  99.66 million
  ","
      Golem
    ","
    
  
  0.1091
  ","
      GNT
    ",20201110195040
98,"
  -2.64%
   ",/coin/jLaUgCS1sTQPt+cybervein-cvt,"
    
  
  99.08 million
  ","
      CyberVein
    ","
    
  
  0.0934
  ","
      CVT
    ",20201110195040
99,"
  +7.49%
   ",/coin/Ru56fDlLB56-v+ravencoin-rvn,"
    
  
  98.84 million
  ","
      Ravencoin
    ","
    
  
  0.01330
  ","
      RVN
    ",20201110195040
100,"
  +2.56%
   ",/coin/dxdb6-i4IQv87+bytom-btm,"
    
  
  96.21 million
  ","
      Bytom
    ","
    
  
  0.0589
  ","
      BTM
    ",20201110195056
101,"
  -1.09%
   ",/coin/Uzf_Wjqc+bitpandaecosystemtoken-best,"
    
  
  94.88 million
  ","
      Bitpanda Ecosystem Token
    ","
    
  
  0.1032
  ","
      BEST
    ",20201110195056
102,"
  +6.12%
   ",/coin/eW3wHxPmmwlNp+aragon-ant,"
    
  
  94.85 million
  ","
      Aragon
    ","
    
  
  3.26
  ","
      ANT
    ",20201110195056
103,"
  +7.67%
   ",/coin/vu0nUKwNtoITi+powerledger-powr,"
    
  
  92.40 million
  ","
      Power Ledger
    ","
    
  
  0.0970
  ","
      POWR
    ",20201110195056
104,"
  +16.74%
   ",/coin/ql3Jj4Tge+sushi-sushi,"
    
  
  91.40 million
  ","
      SUSHI
    ","
    
  
  0.6828
  ","
      SUSHI
    ",20201110195056
105,"
  +0.45%
   ",/coin/Vuy-IUC7+tethergold-xaut,"
    
  
  90.40 million
  ","
      Tether Gold
    ","
    
  
  1865.74
  ","
      XAUT
    ",20201110195056
106,"
  +6.39%
   ",/coin/dvUj0CzDZ+avalanche-avax,"
    
  
  88.51 million
  ","
      Avalanche
    ","
    
  
  3.61
  ","
      AVAX
    ",20201110195056
107,"
  +2.30%
   ",/coin/iEHCPwcxoIH8e+holo-hot,"
    
  
  84.82 million
  ","
      Holo
    ","
    
  
  0.000478
  ","
      HOT
    ",20201110195056
108,"
  +18.66%
   ",/coin/tLXTkXU90vdjq+iexecrlc-rlc,"
    
  
  82.92 million
  ","
      iExec RLC
    ","
    
  
  1.04
  ","
      RLC
    ",20201110195056
109,"
  +11.05%
   ",/coin/uW2tk-ILY0ii+maticnetwork-matic,"
    
  
  82.22 million
  ","
      Matic Network
    ","
    
  
  0.01728
  ","
      MATIC
    ",20201110195056
110,"
  +1.45%
   ",/coin/m8qy4m7m1Ofpu+monacoin-mona,"
    
  
  80.01 million
  ","
      MonaCoin
    ","
    
  
  1.26
  ","
      MONA
    ",20201110195056
111,"
  +1.49%
   ",/coin/fMNxR6LqdnRZp+uquidcoin-uqc,"
    
  
  77.56 million
  ","
      Uquid Coin
    ","
    
  
  7.76
  ","
      UQC
    ",20201110195056
112,"
  +8.63%
   ",/coin/NXEHA2s6QvTyd+verge-xvg,"
    
  
  77.42 million
  ","
      Verge
    ","
    
  
  0.00473
  ","
      XVG
    ",20201110195056
113,"
  +7.74%
   ",/coin/lb0YZfa1n+thetransfertoken-ttt,"
    
  
  77.13 million
  ","
      The Transfer Token
    ","
    
  
  1.73
  ","
      TTT
    ",20201110195056
114,"
  +3.32%
   ",/coin/7GNq0jOgaN086+augur-rep,"
    
  
  76.82 million
  ","
      Augur
    ","
    
  
  14.47
  ","
      REP
    ",20201110195056
115,"
  +10.74%
   ",/coin/2-3lP-dQ+kava-kava,"
    
  
  74.70 million
  ","
      Kava
    ","
    
  
  1.59
  ","
      KAVA
    ",20201110195056
116,"
  +0.11%
   ",/coin/YRTkUcMi+paxgold-paxg,"
    
  
  73.67 million
  ","
      PAX Gold
    ","
    
  
  1889.46
  ","
      PAXG
    ",20201110195056
117,"
  -1.38%
   ",/coin/wyDlinUzKv6S+bitica-bdcc,"
    
  
  72.59 million
  ","
      Bitica
    ","
    
  
  4.03
  ","
      BDCC
    ",20201110195056
118,"
  -30.46%
   ",/coin/_izgytAQa-RbV+civic-cvc,"
    
  
  72.54 million
  ","
      Civic
    ","
    
  
  0.1083
  ","
      CVC
    ",20201110195056
119,"
  +0.02%
   ",/coin/wPUcJNw024C_y+bitcoindiamond-bcd,"
    
  
  69.87 million
  ","
      Bitcoin Diamond
    ","
    
  
  0.4544
  ","
      BCD
    ",20201110195056
120,"
  -0.85%
   ",/coin/77jGXSqWJ1ofG+xinfinnetwork-xdc,"
    
  
  69.70 million
  ","
      XinFin Network
    ","
    
  
  0.00571
  ","
      XDC
    ",20201110195056
121,"
  +16.70%
   ",/coin/E-U6oZfh2+dfimoney-yfii,"
    
  
  69.46 million
  ","
      DFI.money
    ","
    
  
  1748.73
  ","
      YFII
    ",20201110195056
122,"
  -19.12%
   ",/coin/Ef92bd8jZHyU6+everus-evr,"
    
  
  69.28 million
  ","
      Everus
    ","
    
  
  0.1325
  ","
      EVR
    ",20201110195056
123,"
  +54.68%
   ",/coin/fvNj4j5lW+meta-mta,"
    
  
  69.05 million
  ","
      Meta
    ","
    
  
  1.52
  ","
      MTA
    ",20201110195056
124,"
  +5.57%
   ",/coin/u-zlS61Rb+nestprotocol-nest,"
    
  
  68.48 million
  ","
      Nest Protocol
    ","
    
  
  0.0383
  ","
      NEST
    ",20201110195056
125,"
  +0.96%
   ",/coin/LOO6LmXd7G84Z+kucoinshares-kcs,"
    
  
  68.16 million
  ","
      KuCoin Shares
    ","
    
  
  0.8443
  ","
      KCS
    ",20201110195056
126,"
  +11.05%
   ",/coin/BgL4kP0ws+nervosnetwork-ckb,"
    
  
  67.23 million
  ","
      Nervos Network
    ","
    
  
  0.00315
  ","
      CKB
    ",20201110195056
127,"
  -1.24%
   ",/coin/2GfzFhCU3+kardiachain-kai,"
    
  
  66.21 million
  ","
      KardiaChain
    ","
    
  
  0.01324
  ","
      KAI
    ",20201110195056
128,"
  +26.07%
   ",/coin/QGbUTVMjG+curvedaotoken-crv,"
    
  
  65.85 million
  ","
      Curve DAO Token
    ","
    
  
  0.5801
  ","
      CRV
    ",20201110195056
129,"
  -0.54%
   ",/coin/ibM9HStjIjQ5B+gnosis-gno,"
    
  
  64.25 million
  ","
      Gnosis
    ","
    
  
  58.17
  ","
      GNO
    ",20201110195056
130,"
  -0.25%
   ",/coin/dr0q81vpX6EcN+inocoin-ino,"
    
  
  63.46 million
  ","
      INO COIN
    ","
    
  
  3.17
  ","
      INO
    ",20201110195056
131,"
  +8.87%
   ",/coin/9DPRBMwQK36f+cream-cream,"
    
  
  59.98 million
  ","
      Cream
    ","
    
  
  45.42
  ","
      CREAM
    ",20201110195056
132,"
  +6.43%
   ",/coin/oMn0Lpc4GrzXY+maidsafecoin-maid,"
    
  
  59.51 million
  ","
      MaidSafe Coin
    ","
    
  
  0.1315
  ","
      MAID
    ",20201110195056
133,"
  +15.55%
   ",/coin/gDTpVbAhv+serum-srm,"
    
  
  59.00 million
  ","
      Serum
    ","
    
  
  1.18
  ","
      SRM
    ",20201110195056
134,"
  -0.25%
   ",/coin/8EQUpW9UuEBo+susdsynthetix-susd,"
    
  
  57.85 million
  ","
      sUSD Synthetix
    ","
    
  
  0.9989
  ","
      SUSD
    ",20201110195056
135,"
  +2.29%
   ",/coin/hEJCs2B9XeSu_+utrust-utk,"
    
  
  57.35 million
  ","
      UTRUST
    ","
    
  
  0.1275
  ","
      UTK
    ",20201110195056
136,"
  +5.29%
   ",/coin/fXGcu_EzDgP25+steem-steem,"
    
  
  56.32 million
  ","
      Steem
    ","
    
  
  0.1536
  ","
      STEEM
    ",20201110195056
137,"
  +1.58%
   ",/coin/ciJz5Cc1BfabD+ardor-ardr,"
    
  
  56.25 million
  ","
      Ardor
    ","
    
  
  0.0563
  ","
      ARDR
    ",20201110195056
138,"
  +10.76%
   ",/coin/kZPku7cAdoaXf+swissborg-chsb,"
    
  
  55.65 million
  ","
      SwissBorg
    ","
    
  
  0.0966
  ","
      CHSB
    ",20201110195056
139,"
  +6.85%
   ",/coin/dAN7Te6RJoWUf+komodo-kmd,"
    
  
  54.51 million
  ","
      Komodo
    ","
    
  
  0.4926
  ","
      KMD
    ",20201110195056
140,"
  +6.74%
   ",/coin/il_9W9J71WMR8+stratis-strat,"
    
  
  53.95 million
  ","
      Stratis
    ","
    
  
  0.5393
  ","
      STRAT
    ",20201110195056
141,"
  +2.50%
   ",/coin/htHKUfaaUP2dk+unibright-ubt,"
    
  
  53.70 million
  ","
      Unibright
    ","
    
  
  0.3855
  ","
      UBT
    ",20201110195056
142,"
  -0.46%
   ",/coin/2SRzS3FCRUtP2+whitecoin-xwc,"
    
  
  53.63 million
  ","
      WhiteCoin
    ","
    
  
  0.2145
  ","
      XWC
    ",20201110195056
143,"
  +11.22%
   ",/coin/oMBtIfxSwJO52+bancor-bnt,"
    
  
  52.78 million
  ","
      Bancor
    ","
    
  
  0.7464
  ","
      BNT
    ",20201110195056
144,"
  +3.63%
   ",/coin/N5u-DrDeo8tUJ+bitshares-bts,"
    
  
  51.99 million
  ","
      Bitshares
    ","
    
  
  0.01918
  ","
      BTS
    ",20201110195056
145,"
  +2.58%
   ",/coin/ceu_MD1iVEjJi+kin-kin,"
    
  
  50.59 million
  ","
      Kin
    ","
    
  
  0.0000242
  ","
      KIN
    ",20201110195056
146,"
  -6.52%
   ",/coin/O8XYdenjI+hegic-hegic,"
    
  
  43.56 million
  ","
      Hegic
    ","
    
  
  0.1914
  ","
      HEGIC
    ",20201110195056
147,"
  +5.61%
   ",/coin/8gLSooJeAVdnd+quarkchain-qkc,"
    
  
  42.95 million
  ","
      QuarkChain
    ","
    
  
  0.00506
  ","
      QKC
    ",20201110195056
148,"
  +3.09%
   ",/coin/ZPBJkE5MVJKB0+centrality-cennz,"
    
  
  42.39 million
  ","
      Centrality
    ","
    
  
  0.0529
  ","
      CENNZ
    ",20201110195056
149,"
  -24.31%
   ",/coin/uzUCYmcW73kQF+polymathnetwork-poly,"
    
  
  42.17 million
  ","
      Polymath Network
    ","
    
  
  0.0580
  ","
      POLY
    ",20201110195056
150,"
  -22.85%
   ",/coin/tD3EY9vP4eNDb+polybit-poly,"
    
  
  41.99 million
  ","
      PolyBit
    ","
    
  
  0.0584
  ","
      POLY
    ",20201110195112
151,"
  -11.39%
   ",/coin/6ydPFFHAtthwU+origintrail-trac,"
    
  
  41.83 million
  ","
      OriginTrail
    ","
    
  
  0.1505
  ","
      TRAC
    ",20201110195112
152,"
  -0.68%
   ",/coin/x8YtdPleokByp+constellation-dag,"
    
  
  40.33 million
  ","
      Constellation
    ","
    
  
  0.01008
  ","
      DAG
    ",20201110195112
153,"
  +9.57%
   ",/coin/hkjDLHddC+wrappednxm-wnxm,"
    
  
  40.10 million
  ","
      Wrapped NXM
    ","
    
  
  23.52
  ","
      WNXM
    ",20201110195112
154,"
  +4.17%
   ",/coin/iuERqbGNORQlq+pundix-npxs,"
    
  
  39.68 million
  ","
      Pundi X
    ","
    
  
  0.000168
  ","
      NPXS
    ",20201110195112
155,"
  +0.05%
   ",/coin/CxmvOsCyENPso+zbtoken-zb,"
    
  
  39.56 million
  ","
      ZB Token
    ","
    
  
  0.2496
  ","
      ZB
    ",20201110195112
156,"
  +3.53%
   ",/coin/zuls08q76PgNe+hypercash-hc,"
    
  
  39.20 million
  ","
      HyperCash
    ","
    
  
  0.8782
  ","
      HC
    ",20201110195112
157,"
  -2.55%
   ",/coin/g3lUNXxxAnBlb+ark-ark,"
    
  
  38.80 million
  ","
      ARK
    ","
    
  
  0.3646
  ","
      ARK
    ",20201110195112
158,"
  +99.22%
   ",/coin/jrxTIZusXvnoX+bitcoinatom-bca,"
    
  
  38.56 million
  ","
      Bitcoin Atom
    ","
    
  
  2.10
  ","
      BCA
    ",20201110195112
159,"
  +13.38%
   ",/coin/GDFVoYSg-+tellor-trb,"
    
  
  38.48 million
  ","
      Tellor
    ","
    
  
  24.90
  ","
      TRB
    ",20201110195112
160,"
  -1.22%
   ",/coin/ieHLSFYQDemsn+stasiseuro-eurs,"
    
  
  37.77 million
  ","
      STASIS EURO
    ","
    
  
  1.18
  ","
      EURS
    ",20201110195112
161,"
  +9.01%
   ",/coin/Q2y948DXIqXS+solve-solve,"
    
  
  37.62 million
  ","
      SOLVE
    ","
    
  
  0.0977
  ","
      SOLVE
    ",20201110195112
162,"
  +11.58%
   ",/coin/5Qp1OINA8ABad+horizen-zen,"
    
  
  34.84 million
  ","
      Horizen
    ","
    
  
  6.74
  ","
      ZEN
    ",20201110195112
163,"
  +2.27%
   ",/coin/vh3IKoErsQ9T4+helleniccoin-hnc,"
    
  
  34.62 million
  ","
      Hellenic Coin
    ","
    
  
  0.4975
  ","
      HNC
    ",20201110195112
164,"
  -19.13%
   ",/coin/f5hHgH6PhD7xU+district0x-dnt,"
    
  
  34.09 million
  ","
      district0x
    ","
    
  
  0.0568
  ","
      DNT
    ",20201110195112
165,"
  +4.25%
   ",/coin/Kb7xrAfbJ0Qf3+zcoin-xzc,"
    
  
  34.01 million
  ","
      Zcoin
    ","
    
  
  3.37
  ","
      XZC
    ",20201110195112
166,"
  +5.16%
   ",/coin/cO3IZ2ueIZlsH+tomochain-tomo,"
    
  
  33.90 million
  ","
      TomoChain
    ","
    
  
  0.6163
  ","
      TOMO
    ",20201110195112
167,"
  +4.38%
   ",/coin/ZnXwbDH6M+xdaistake-stake,"
    
  
  33.81 million
  ","
      xDAI Stake
    ","
    
  
  10.17
  ","
      STAKE
    ",20201110195112
168,"
  -2.24%
   ",/coin/hY7W7u5sB_neu+electroneum-etn,"
    
  
  33.78 million
  ","
      Electroneum
    ","
    
  
  0.00423
  ","
      ETN
    ",20201110195112
169,"
  +26.50%
   ",/coin/IdrU0Gp2cK+originprotocol-ogn,"
    
  
  32.38 million
  ","
      Origin protocol
    ","
    
  
  0.1680
  ","
      OGN
    ",20201110195112
170,"
  -0.71%
   ",/coin/8_Vx2VNt-7YtZ+usdk-usdk,"
    
  
  32.26 million
  ","
      USDK
    ","
    
  
  0.9931
  ","
      USDK
    ",20201110195112
171,"
  +6.59%
   ",/coin/MsEuUiOgwRs7a+digitexfutures-dgtx,"
    
  
  31.58 million
  ","
      Digitex Futures
    ","
    
  
  0.03385
  ","
      DGTX
    ",20201110195112
172,"
  +3.51%
   ",/coin/BpsbnmV3Bhq9+ltonetwork-lto,"
    
  
  30.87 million
  ","
      LTO Network
    ","
    
  
  0.0765
  ","
      LTO
    ",20201110195112
173,"
  -14.10%
   ",/coin/UbSjA5FFVXk5p+loomnetwork-loom,"
    
  
  30.87 million
  ","
      Loom Network
    ","
    
  
  0.03181
  ","
      LOOM
    ",20201110195112
174,"
  -1.79%
   ",/coin/80NGUkVA1PJFD+streamrdatacoin-data,"
    
  
  30.44 million
  ","
      Streamr DATAcoin
    ","
    
  
  0.0450
  ","
      DATA
    ",20201110195112
175,"
  +3.41%
   ",/coin/BvGJZJobvNrih+wanchain-wan,"
    
  
  29.73 million
  ","
      Wanchain
    ","
    
  
  0.2801
  ","
      WAN
    ",20201110195112
176,"
  +3.26%
   ",/coin/umM11dFs9+just-jst,"
    
  
  29.17 million
  ","
      JUST
    ","
    
  
  0.02034
  ","
      JST
    ",20201110195112
177,"
  +8.60%
   ",/coin/P_mpFVxT3zC1-+aeternity-ae,"
    
  
  29.11 million
  ","
      Aeternity
    ","
    
  
  0.1064
  ","
      AE
    ",20201110195112
178,"
  +3.98%
   ",/coin/mvkFElKf+nectartoken-nec,"
    
  
  29.03 million
  ","
      Nectar Token
    ","
    
  
  0.1658
  ","
      NEC
    ",20201110195112
179,"
  +9.82%
   ",/coin/30yK7CT-uhhGy+ztcoin-zt,"
    
  
  28.39 million
  ","
      ZTCoin
    ","
    
  
  0.0568
  ","
      ZT
    ",20201110195112
180,"
  -17.97%
   ",/coin/dvd-M5g8dL-1-+singularitynet-agi,"
    
  
  27.69 million
  ","
      SingularityNET
    ","
    
  
  0.0513
  ","
      AGI
    ",20201110195112
181,"
  +4.12%
   ",/coin/mMt1EGjo4Eyac+funfair-fun,"
    
  
  27.64 million
  ","
      FunFair
    ","
    
  
  0.00422
  ","
      FUN
    ",20201110195112
182,"
  -1.41%
   ",/coin/kmGGzflTwc8Q+ddkoin-ddk,"
    
  
  27.51 million
  ","
      DDKoin
    ","
    
  
  2.02
  ","
      DDK
    ",20201110195112
183,"
  +2.68%
   ",/coin/71u0ElJ-Uq93k+adex-adx,"
    
  
  27.44 million
  ","
      AdEx
    ","
    
  
  0.2744
  ","
      ADX
    ",20201110195112
184,"
  +13.27%
   ",/coin/ZiRElvGxqQaf+idex-idex,"
    
  
  25.86 million
  ","
      IDEX
    ","
    
  
  0.0481
  ","
      IDEX
    ",20201110195112
185,"
  -1.79%
   ",/coin/BBWqxx2A+parsiq-prq,"
    
  
  25.73 million
  ","
      PARSIQ
    ","
    
  
  0.2049
  ","
      PRQ
    ",20201110195112
186,"
  +2.44%
   ",/coin/ZbdTvGobTRFYp+everipedia-iq,"
    
  
  23.70 million
  ","
      Everipedia
    ","
    
  
  0.00237
  ","
      IQ
    ",20201110195112
187,"
  +0.60%
   ",/coin/F_Yv9Cu7pPL3Y+kickcoin-kick,"
    
  
  23.33 million
  ","
      KickCoin
    ","
    
  
  0.0000185
  ","
      KICK
    ",20201110195112
188,"
  -7.06%
   ",/coin/XE0GH8VNm+picklefinance-pickle,"
    
  
  23.07 million
  ","
      Pickle Finance
    ","
    
  
  21.44
  ","
      PICKLE
    ",20201110195112
189,"
  +8.57%
   ",/coin/ohifeu_BjRMQf+ripiocreditnetwork-rcn,"
    
  
  22.85 million
  ","
      Ripio Credit Network
    ","
    
  
  0.0459
  ","
      RCN
    ",20201110195112
190,"
  +0.45%
   ",/coin/FGF0T9HS_LuDw+avalon-ava,"
    
  
  22.84 million
  ","
      Avalon
    ","
    
  
  0.7794
  ","
      AVA
    ",20201110195112
191,"
  +16.34%
   ",/coin/shjxZ0hQM+akropolis-akro,"
    
  
  22.46 million
  ","
      Akropolis
    ","
    
  
  0.01126
  ","
      AKRO
    ",20201110195112
192,"
  -4.57%
   ",/coin/VNFxArVrIDDX0+cryptocom-mco,"
    
  
  21.82 million
  ","
      Crypto.com
    ","
    
  
  1.38
  ","
      MCO
    ",20201110195112
193,"
  +4.68%
   ",/coin/aqvjCtCM9hUf_+gxshares-gxs,"
    
  
  21.77 million
  ","
      GXShares
    ","
    
  
  0.3628
  ","
      GXS
    ",20201110195112
194,"
  +5.67%
   ",/coin/t8ctJQPSf+soratoken-xor,"
    
  
  21.65 million
  ","
      Sora Token
    ","
    
  
  61.85
  ","
      XOR
    ",20201110195112
195,"
  +2.95%
   ",/coin/YeAkhzZF6NKPs+melon-mln,"
    
  
  21.64 million
  ","
      Melon
    ","
    
  
  21.70
  ","
      MLN
    ",20201110195112
196,"
  -0.19%
   ",/coin/2nh5ugplNocUp+bitforextoken-bf,"
    
  
  21.38 million
  ","
      BitForex Token
    ","
    
  
  0.00214
  ","
      BF
    ",20201110195112
197,"
  +21.51%
   ",/coin/lpC3SCDSR8n-h+raidennetworktoken-rdn,"
    
  
  21.35 million
  ","
      Raiden Network Token
    ","
    
  
  0.2135
  ","
      RDN
    ",20201110195112
198,"
  +28.34%
   ",/coin/0S3u6FO1Q+bzxprotocol-bzrx,"
    
  
  21.06 million
  ","
      bZx Protocol
    ","
    
  
  0.1498
  ","
      BZRX
    ",20201110195112
199,"
  +4.93%
   ",/coin/JtJkDgMHqgK1K+pivx-pivx,"
    
  
  20.87 million
  ","
      PIVX
    ","
    
  
  0.3300
  ","
      PIVX
    ",20201110195112
200,"
  +0.94%
   ",/coin/7jQZMFopX+universalmoneyinstrument-umi,"
    
  
  20.60 million
  ","
      Universal Money Instrument
    ","
    
  
  1.00
  ","
      UMI
    ",20201110195128
201,"
  +16.42%
   ",/coin/XcGSBg2pO6MeB+bluzelle-blz,"
    
  
  20.45 million
  ","
      Bluzelle
    ","
    
  
  0.0818
  ","
      BLZ
    ",20201110195128
202,"
  +3.90%
   ",/coin/eIX4bA6KNlwX4+switcheo-swth,"
    
  
  20.31 million
  ","
      Switcheo
    ","
    
  
  0.02902
  ","
      SWTH
    ",20201110195128
203,"
  -26.49%
   ",/coin/CTwz1vB2LylBf+requestnetwork-req,"
    
  
  19.64 million
  ","
      Request Network
    ","
    
  
  0.02692
  ","
      REQ
    ",20201110195128
204,"
  -0.84%
   ",/coin/GZfKmsEdP6KJo+dragonchain-drgn,"
    
  
  19.19 million
  ","
      Dragonchain
    ","
    
  
  0.0452
  ","
      DRGN
    ",20201110195128
205,"
  +10.36%
   ",/coin/tBrpg-kJuqYb+beam-beam,"
    
  
  19.04 million
  ","
      BEAM
    ","
    
  
  0.2581
  ","
      BEAM
    ",20201110195128
206,"
  +3.52%
   ",/coin/6QK-8hUZ+wazirx-wrx,"
    
  
  18.97 million
  ","
      WazirX
    ","
    
  
  0.0811
  ","
      WRX
    ",20201110195128
207,"
  +11.28%
   ",/coin/kkBXmKGORfFvS+quantstamp-qsp,"
    
  
  16.89 million
  ","
      Quantstamp
    ","
    
  
  0.02735
  ","
      QSP
    ",20201110195128
208,"
  +14.05%
   ",/coin/ylk8jNIDMgUmr+airswap-ast,"
    
  
  16.75 million
  ","
      AirSwap
    ","
    
  
  0.1117
  ","
      AST
    ",20201110195128
209,"
  -3.05%
   ",/coin/VAQH4x5bBuBPj+crypterium-crpt,"
    
  
  16.69 million
  ","
      Crypterium
    ","
    
  
  0.2101
  ","
      CRPT
    ",20201110195128
210,"
  +5.80%
   ",/coin/54G1Zo8zgXxSD+nimiq-nim,"
    
  
  16.63 million
  ","
      Nimiq 
    ","
    
  
  0.00277
  ","
      NIM
    ",20201110195128
211,"
  -4.04%
   ",/coin/e4SYAApcejV6m+aurora-aoa,"
    
  
  16.36 million
  ","
      Aurora
    ","
    
  
  0.00164
  ","
      AOA
    ",20201110195128
212,"
  +5.53%
   ",/coin/4UM6MucwFvYex+dent-dent,"
    
  
  16.28 million
  ","
      Dent
    ","
    
  
  0.000191
  ","
      DENT
    ",20201110195128
213,"
  -0.25%
   ",/coin/EOSL_JJKNMEr+btsetoken-btse,"
    
  
  16.13 million
  ","
      BTSE Token
    ","
    
  
  2.29
  ","
      BTSE
    ",20201110195128
214,"
  +4.69%
   ",/coin/FtSDbrt7Z+orionprotocol-orn,"
    
  
  15.87 million
  ","
      Orion Protocol
    ","
    
  
  1.78
  ","
      ORN
    ",20201110195128
215,"
  +12.07%
   ",/coin/YZ5InJ0TiDj5+grin-grin,"
    
  
  15.32 million
  ","
      Grin
    ","
    
  
  0.2680
  ","
      GRIN
    ",20201110195128
216,"
  +3.42%
   ",/coin/T93ksC96YL_Gc+geminidollar-gusd,"
    
  
  14.85 million
  ","
      Gemini dollar
    ","
    
  
  1.04
  ","
      GUSD
    ",20201110195128
217,"
  +67.86%
   ",/coin/ryVzVCkMi1m0p+enigma-eng,"
    
  
  14.81 million
  ","
      Enigma
    ","
    
  
  0.6215
  ","
      ENG
    ",20201110195128
218,"
  +1.61%
   ",/coin/77SLLs3LuSGqA+elastos-ela,"
    
  
  14.25 million
  ","
      Elastos
    ","
    
  
  1.48
  ","
      ELA
    ",20201110195128
219,"
  +7.74%
   ",/coin/1Zj-7usqiPA6-+nebulas-nas,"
    
  
  13.76 million
  ","
      Nebulas
    ","
    
  
  0.3025
  ","
      NAS
    ",20201110195128
220,"
  +3.97%
   ",/coin/G1dqJwcbn2Rfy+groestlcoin-grs,"
    
  
  13.74 million
  ","
      Groestlcoin 
    ","
    
  
  0.1927
  ","
      GRS
    ",20201110195128
221,"
  +6.07%
   ",/coin/3Rk7gOMM7+dforce-df,"
    
  
  13.66 million
  ","
      dForce
    ","
    
  
  0.0848
  ","
      DF
    ",20201110195128
222,"
  +0.65%
   ",/coin/WdlqQFvk5CF9k+apollocurrency-apl,"
    
  
  13.53 million
  ","
      Apollo Currency
    ","
    
  
  0.000921
  ","
      APL
    ",20201110195128
223,"
  +2.39%
   ",/coin/B9IldRcqMUZ2Z+populous-ppt,"
    
  
  13.07 million
  ","
      Populous
    ","
    
  
  0.2454
  ","
      PPT
    ",20201110195128
224,"
  +1.23%
   ",/coin/kA9XXciGZAs8d+latoken-la,"
    
  
  12.96 million
  ","
      LATOKEN
    ","
    
  
  0.03243
  ","
      LA
    ",20201110195128
225,"
  +4.63%
   ",/coin/z1af9AYOgPsN7+digixdao-dgd,"
    
  
  12.79 million
  ","
      Digix DAO
    ","
    
  
  88.13
  ","
      DGD
    ",20201110195128
226,"
  +1.76%
   ",/coin/DCGfNDwbjTbtk+stakenet-xsn,"
    
  
  12.70 million
  ","
      Stakenet
    ","
    
  
  0.1174
  ","
      XSN
    ",20201110195128
227,"
  +2.97%
   ",/coin/gwEFmWIMJGpmZ+ethos-ethos,"
    
  
  12.50 million
  ","
      Ethos
    ","
    
  
  0.1517
  ","
      ETHOS
    ",20201110195128
228,"
  -0.59%
   ",/coin/RzGVuiI5+usdneutrino-usdn,"
    
  
  12.49 million
  ","
      USD Neutrino
    ","
    
  
  0.9937
  ","
      USDN
    ",20201110195128
229,"
  +5.60%
   ",/coin/ZmHqwtWvkYkIM+moedaloyaltypoints-mda,"
    
  
  12.38 million
  ","
      Moeda Loyalty Points
    ","
    
  
  0.6308
  ","
      MDA
    ",20201110195128
230,"
  -0.52%
   ",/coin/7_9YOqGczmAhq+molecularfuture-mof,"
    
  
  12.38 million
  ","
      Molecular Future
    ","
    
  
  0.1238
  ","
      MOF
    ",20201110195128
231,"
  -12.59%
   ",/coin/eupYHs4BAI_YM+loki-loki,"
    
  
  11.88 million
  ","
      Loki
    ","
    
  
  0.3757
  ","
      LOKI
    ",20201110195128
232,"
  +0.53%
   ",/coin/OsKAfpJRA+dmmgovernance-dmg,"
    
  
  11.71 million
  ","
      DMM Governance
    ","
    
  
  0.2439
  ","
      DMG
    ",20201110195128
233,"
  -2.12%
   ",/coin/44fd6VfHauc5m+qash-qash,"
    
  
  11.69 million
  ","
      QASH
    ","
    
  
  0.03339
  ","
      QASH
    ",20201110195128
234,"
  +2.91%
   ",/coin/phQvERqW5FD2_+einsteinium-emc2,"
    
  
  11.67 million
  ","
      Einsteinium
    ","
    
  
  0.0536
  ","
      EMC2
    ",20201110195128
235,"
  +9.26%
   ",/coin/vLdnjGS6CZ3df+iotex-iotx,"
    
  
  11.25 million
  ","
      IoTeX
    ","
    
  
  0.00845
  ","
      IOTX
    ",20201110195128
236,"
  +16.36%
   ",/coin/u_mkjBD5l+hathor-htr,"
    
  
  11.16 million
  ","
      Hathor
    ","
    
  
  0.1244
  ","
      HTR
    ",20201110195128
237,"
  +9.42%
   ",/coin/O0cuOKCmXrKJg+nexus-nxs,"
    
  
  10.95 million
  ","
      Nexus
    ","
    
  
  0.1834
  ","
      NXS
    ",20201110195128
238,"
  -4.74%
   ",/coin/rfIHB4cXI+ergo-erg,"
    
  
  10.71 million
  ","
      ERGO
    ","
    
  
  0.4002
  ","
      ERG
    ",20201110195128
239,"
  +6.55%
   ",/coin/YdbKoRqvZhUjH+tenx-pay,"
    
  
  10.71 million
  ","
      TenX
    ","
    
  
  0.0522
  ","
      PAY
    ",20201110195128
240,"
  +7.83%
   ",/coin/qnMor7zPsOj_g+ignis-ignis,"
    
  
  10.39 million
  ","
      Ignis
    ","
    
  
  0.02361
  ","
      IGNIS
    ",20201110195128
241,"
  -12.69%
   ",/coin/CnvEkhyYxLR-r+seele-seele,"
    
  
  10.34 million
  ","
      Seele
    ","
    
  
  0.01711
  ","
      SEELE
    ",20201110195128
242,"
  +1.82%
   ",/coin/6AMej49OJ18Wp+gamecredits-game,"
    
  
  10.27 million
  ","
      Gamecredits
    ","
    
  
  0.0557
  ","
      GAME
    ",20201110195128
243,"
  +9.14%
   ",/coin/emlGSA0AJeIE9+quickxprotocol-qcx,"
    
  
  10.10 million
  ","
      QuickX Protocol
    ","
    
  
  0.02021
  ","
      QCX
    ",20201110195128
244,"
  +3.76%
   ",/coin/izyvuzTCPBPrk+metal-mtl,"
    
  
  10.02 million
  ","
      Metal
    ","
    
  
  0.3081
  ","
      MTL
    ",20201110195128
245,"
  +2.72%
   ",/coin/I_6DjYVak+powerpoolconcentratedvotingpower-cvp,"
    
  
  9.95 million
  ","
      PowerPool Concentrated Voting Power
    ","
    
  
  1.70
  ","
      CVP
    ",20201110195128
246,"
  +6.44%
   ",/coin/MshEDxjCn+pnetwork-pnt,"
    
  
  9.87 million
  ","
      pNetwork
    ","
    
  
  0.3314
  ","
      PNT
    ",20201110195128
247,"
  +1.99%
   ",/coin/y4eKT6KEw-Pxo+mainframe-mft,"
    
  
  9.82 million
  ","
      Mainframe
    ","
    
  
  0.00249
  ","
      MFT
    ",20201110195128
248,"
  +10.77%
   ",/coin/Z90WSKAjhslmJ+waltonchain-wtc,"
    
  
  9.20 million
  ","
      Waltonchain
    ","
    
  
  0.3467
  ","
      WTC
    ",20201110195128
249,"
  +6.64%
   ",/coin/U4LvclTgDHxtF+zap-zap,"
    
  
  9.14 million
  ","
      Zap
    ","
    
  
  0.0710
  ","
      ZAP
    ",20201110195128
250,"
  +4.39%
   ",/coin/Tx_OZ6R4MhRpV+nxt-nxt,"
    
  
  9.03 million
  ","
      Nxt
    ","
    
  
  0.00904
  ","
      NXT
    ",20201110195145
251,"
  +3.56%
   ",/coin/rZuGmZmp83Ic+roobee-roobee,"
    
  
  9.00 million
  ","
      Roobee
    ","
    
  
  0.00441
  ","
      ROOBEE
    ",20201110195145
252,"
  -2.48%
   ",/coin/_pAoVOROc6CVt+aidoskuneen-adk,"
    
  
  8.81 million
  ","
      Aidos Kuneen
    ","
    
  
  0.3522
  ","
      ADK
    ",20201110195145
253,"
  +5.09%
   ",/coin/-YczEi0czYkdF+truechain-true,"
    
  
  8.56 million
  ","
      True Chain
    ","
    
  
  0.1844
  ","
      TRUE
    ",20201110195145
254,"
  -24.18%
   ",/coin/4mSRYH2MXYKX1+e-dinarcoin-edr,"
    
  
  8.55 million
  ","
      E-Dinar Coin
    ","
    
  
  0.00965
  ","
      EDR
    ",20201110195145
255,"
  +20.78%
   ",/coin/ROvV1mPHFZagw+morpheusnetwork-mrph,"
    
  
  8.24 million
  ","
      Morpheus.Network
    ","
    
  
  0.2839
  ","
      MRPH
    ",20201110195145
256,"
  -2.28%
   ",/coin/tK_9vumTRfvio+vertcoin-vtc,"
    
  
  7.96 million
  ","
      Vertcoin
    ","
    
  
  0.1697
  ","
      VTC
    ",20201110195145
257,"
  -22.77%
   ",/coin/JhzkiWS7oavC4+kcash-kcash,"
    
  
  7.79 million
  ","
      Kcash
    ","
    
  
  0.02603
  ","
      KCASH
    ",20201110195145
258,"
  -3.43%
   ",/coin/Dhh6TEhm1Poj3+dmarket-dmt,"
    
  
  7.39 million
  ","
      DMarket
    ","
    
  
  0.1471
  ","
      DMT
    ",20201110195145
259,"
  +9.82%
   ",/coin/dYrlRLv49YetE+navcoin-nav,"
    
  
  7.38 million
  ","
      NavCoin
    ","
    
  
  0.1052
  ","
      NAV
    ",20201110195145
260,"
  +4.34%
   ",/coin/A0-OwjDQq1UMf+vite-vite,"
    
  
  7.38 million
  ","
      VITE
    ","
    
  
  0.01777
  ","
      VITE
    ",20201110195145
261,"
  +1.30%
   ",/coin/3uQx0Z-3ooH9O+metaverseetp-etp,"
    
  
  7.10 million
  ","
      Metaverse ETP
    ","
    
  
  0.1325
  ","
      ETP
    ",20201110195145
262,"
  +6.23%
   ",/coin/NK81WIowi+dxdao-dxd,"
    
  
  7.05 million
  ","
      DXDao
    ","
    
  
  143.53
  ","
      DXD
    ",20201110195145
263,"
  -1.48%
   ",/coin/e16VEGnPn+yamfinance-yam,"
    
  
  6.90 million
  ","
      YAM Finance
    ","
    
  
  0.7611
  ","
      YAM
    ",20201110195145
264,"
  +14.28%
   ",/coin/kWY60DGYNhYKL+sirinlabs-srn,"
    
  
  6.85 million
  ","
      SirinLabs
    ","
    
  
  0.01392
  ","
      SRN
    ",20201110195145
265,"
  +18.53%
   ",/coin/uZqk3HAmFCsTG+casinocoin-csc,"
    
  
  6.82 million
  ","
      CasinoCoin
    ","
    
  
  0.000190
  ","
      CSC
    ",20201110195145
266,"
  -2.46%
   ",/coin/I3vtzj8Cmqm2q+breadtoken-brd,"
    
  
  6.81 million
  ","
      Bread Token
    ","
    
  
  0.0768
  ","
      BRD
    ",20201110195145
267,"
  +13.07%
   ",/coin/dbAbzE_C7wDzK+selfkey-key,"
    
  
  6.47 million
  ","
      SelfKey
    ","
    
  
  0.00261
  ","
      KEY
    ",20201110195145
268,"
  +0.69%
   ",/coin/RDOsLDgvY-AXe+bitkan-kan,"
    
  
  6.44 million
  ","
      BitKan
    ","
    
  
  0.00204
  ","
      KAN
    ",20201110195145
269,"
  -16.37%
   ",/coin/arQrIUT4r5IqY+linkeye-let,"
    
  
  6.38 million
  ","
      LinkEye
    ","
    
  
  0.01064
  ","
      LET
    ",20201110195145
270,"
  -12.23%
   ",/coin/7ur6cfa2crh-D+cashaa-cas,"
    
  
  6.28 million
  ","
      Cashaa
    ","
    
  
  0.01095
  ","
      CAS
    ",20201110195145
271,"
  -1.66%
   ",/coin/HPxiP0ifZRNzD+pluton-plu,"
    
  
  6.23 million
  ","
      Pluton
    ","
    
  
  7.33
  ","
      PLU
    ",20201110195145
272,"
  +2.04%
   ",/coin/2E7BN_FQ3qOX-+matrixainetwork-man,"
    
  
  6.19 million
  ","
      Matrix AI Network
    ","
    
  
  0.02476
  ","
      MAN
    ",20201110195145
273,"
  +6.84%
   ",/coin/ho1LCP6OS6ZHc+genesisvision-gvt,"
    
  
  6.08 million
  ","
      Genesis Vision
    ","
    
  
  1.38
  ","
      GVT
    ",20201110195145
274,"
  +1.84%
   ",/coin/xCBPyFT2TTdfP+dentacoin-dcn,"
    
  
  5.95 million
  ","
      Dentacoin
    ","
    
  
  0.0000046
  ","
      DCN
    ",20201110195145
275,"
  +8.78%
   ",/coin/qemBiPqr5eodB+gifto-gto,"
    
  
  5.86 million
  ","
      Gifto
    ","
    
  
  0.01101
  ","
      GTO
    ",20201110195145
276,"
  +0.51%
   ",/coin/Gb9cPpSZNwhTb+mvl-mvl,"
    
  
  5.82 million
  ","
      MVL
    ","
    
  
  0.001176
  ","
      MVL
    ",20201110195145
277,"
  -1.56%
   ",/coin/DDZt-yKX1Fo7U+telcoin-tel,"
    
  
  5.76 million
  ","
      Telcoin
    ","
    
  
  0.000166
  ","
      TEL
    ",20201110195145
278,"
  -1.79%
   ",/coin/EXwA8aJv27W98+midnight-mdt,"
    
  
  5.73 million
  ","
      Midnight
    ","
    
  
  0.01392
  ","
      MDT
    ",20201110195145
279,"
  +8.46%
   ",/coin/CLdxWrrZn9jxS+biboxtoken-bix,"
    
  
  5.71 million
  ","
      Bibox Token
    ","
    
  
  0.0558
  ","
      BIX
    ",20201110195145
280,"
  -11.61%
   ",/coin/glOwmnns_bbaI+genaronetwork-gnx,"
    
  
  5.64 million
  ","
      Genaro Network
    ","
    
  
  0.01583
  ","
      GNX
    ",20201110195145
281,"
  -4.34%
   ",/coin/kE0BUPLLo+lien-lien,"
    
  
  5.62 million
  ","
      Lien
    ","
    
  
  35.10
  ","
      LIEN
    ",20201110195145
282,"
  +2.16%
   ",/coin/bvUz4mBGQ+statera-sta,"
    
  
  5.61 million
  ","
      Statera
    ","
    
  
  0.0659
  ","
      STA
    ",20201110195145
283,"
  +11.16%
   ",/coin/WIkpek3ugQw2j+blockport-bpt,"
    
  
  5.53 million
  ","
      Blockport
    ","
    
  
  0.1046
  ","
      BPT
    ",20201110195145
284,"
  +6.08%
   ",/coin/zkyhJC3viKO_n+iotchain-itc,"
    
  
  5.52 million
  ","
      IoT Chain
    ","
    
  
  0.0882
  ","
      ITC
    ",20201110195145
285,"
  -7.12%
   ",/coin/u0JllsU8KXYF2+dock-dock,"
    
  
  5.47 million
  ","
      Dock
    ","
    
  
  0.01264
  ","
      DOCK
    ",20201110195145
286,"
  +2.34%
   ",/coin/0GvBYGJMST8IO+daostack-gen,"
    
  
  5.45 million
  ","
      DAOstack
    ","
    
  
  0.1423
  ","
      GEN
    ",20201110195145
287,"
  +0.68%
   ",/coin/k9h897qOXwXqi+bftoken-bft,"
    
  
  5.34 million
  ","
      BF Token
    ","
    
  
  0.00847
  ","
      BFT
    ",20201110195145
288,"
  +7.68%
   ",/coin/zhlXyDdtv73vs+neblio-nebl,"
    
  
  5.32 million
  ","
      Neblio
    ","
    
  
  0.3871
  ","
      NEBL
    ",20201110195145
289,"
  -9.24%
   ",/coin/6HUT6i-KHe4hY+likecoin-like,"
    
  
  5.29 million
  ","
      LikeCoin
    ","
    
  
  0.00800
  ","
      LIKE
    ",20201110195145
290,"
  +3.58%
   ",/coin/eZaNrH39Loi6z+odem-ode,"
    
  
  5.28 million
  ","
      ODEM
    ","
    
  
  0.02423
  ","
      ODE
    ",20201110195145
291,"
  +14.34%
   ",/coin/i75In93Dn5d8P+0chain-zcn,"
    
  
  5.22 million
  ","
      0chain
    ","
    
  
  0.1306
  ","
      ZCN
    ",20201110195145
292,"
  +6.04%
   ",/coin/z4rmNtG4Hkpur+timenewbank-tnb,"
    
  
  5.14 million
  ","
      Time New Bank
    ","
    
  
  0.00209
  ","
      TNB
    ",20201110195145
293,"
  +2.28%
   ",/coin/RaeqeanDjqa17+propy-pro,"
    
  
  5.10 million
  ","
      Propy
    ","
    
  
  0.0895
  ","
      PRO
    ",20201110195145
294,"
  -0.89%
   ",/coin/_T4P-xr_1A7rN+iqeon-iqn,"
    
  
  4.96 million
  ","
      IQeon
    ","
    
  
  1.83
  ","
      IQN
    ",20201110195145
295,"
  +15.23%
   ",/coin/LjR-NyhjF_LVw+newkindofnetwork-nkn,"
    
  
  4.89 million
  ","
      New Kind of Network
    ","
    
  
  0.02412
  ","
      NKN
    ",20201110195145
296,"
  +18.04%
   ",/coin/04XtM9nSg+hakkafinance-hakka,"
    
  
  4.82 million
  ","
      Hakka Finance
    ","
    
  
  0.0402
  ","
      HAKKA
    ",20201110195145
297,"
  +5.54%
   ",/coin/8_wzGG_0c56uN+achain-act,"
    
  
  4.75 million
  ","
      Achain
    ","
    
  
  0.00632
  ","
      ACT
    ",20201110195145
298,"
  +16.58%
   ",/coin/gQ93vVAyVh2zq+blox-cdt,"
    
  
  4.73 million
  ","
      Blox
    ","
    
  
  0.00720
  ","
      CDT
    ",20201110195145
299,"
  +6.08%
   ",/coin/JIa3Y6M-ZdTDW+everex-evx,"
    
  
  4.72 million
  ","
      Everex
    ","
    
  
  0.2862
  ","
      EVX
    ",20201110195145
300,"
  +4.59%
   ",/coin/NfeOYfNcl+ftxtoken-ftt,"
    
  
  341.92 million
  ","
      FTX Token
    ","
    
  
  3.70
  ","
      FTT
    ",20201110195201
301,"
  -0.33%
   ",/coin/bu0VTIyFnnh1u+revain-rev,"
    
  
  318.96 million
  ","
      Revain
    ","
    
  
  0.01047
  ","
      REV
    ",20201110195201
302,"
  +5.58%
   ",/coin/ePlOuwd_e+kusama-ksm,"
    
  
  312.23 million
  ","
      Kusama
    ","
    
  
  34.77
  ","
      KSM
    ",20201110195201
303,"
  +3.70%
   ",/coin/itpeyyriqoiG2+ontology-ont,"
    
  
  309.02 million
  ","
      Ontology
    ","
    
  
  0.4849
  ","
      ONT
    ",20201110195201
304,"
  +3.56%
   ",/coin/AaQUAs2Mc+terra-luna,"
    
  
  308.01 million
  ","
      Terra
    ","
    
  
  0.3087
  ","
      LUNA
    ",20201110195201
305,"
  +5.64%
   ",/coin/pOnT-qfd-RN7W+basicattentiontoken-bat,"
    
  
  307.82 million
  ","
      Basic Attention Token
    ","
    
  
  0.2060
  ","
      BAT
    ",20201110195201
306,"
  +0.87%
   ",/coin/45H4HIbe2+renbtc-renbtc,"
    
  
  292.53 million
  ","
      renBTC
    ","
    
  
  15307.45
  ","
      RENBTC
    ",20201110195201
307,"
  +10.00%
   ",/coin/jWvjEFGAtnhWN+0x-zrx,"
    
  
  290.59 million
  ","
      0x
    ","
    
  
  0.3906
  ","
      ZRX
    ",20201110195201
308,"
  -0.50%
   ",/coin/0ossbC-EnOSY+husd-husd,"
    
  
  286.36 million
  ","
      HUSD
    ","
    
  
  0.9941
  ","
      HUSD
    ",20201110195201
309,"
  -3.28%
   ",/coin/q9yo3-QDbH-lM+digibyte-dgb,"
    
  
  276.70 million
  ","
      DigiByte
    ","
    
  
  0.02015
  ","
      DGB
    ",20201110195201
310,"
  -0.45%
   ",/coin/1ZZI6g5k5royD+trueusd-tusd,"
    
  
  271.86 million
  ","
      TrueUSD
    ","
    
  
  0.9950
  ","
      TUSD
    ",20201110195201
311,"
  +4.67%
   ",/coin/Y4JFf53C0+energywebtoken-ewt,"
    
  
  246.66 million
  ","
      Energy Web Token
    ","
    
  
  7.87
  ","
      EWT
    ",20201110195201
312,"
  +1.61%
   ",/coin/3dEOkxpEKhmBT+numeraire-nmr,"
    
  
  240.23 million
  ","
      Numeraire
    ","
    
  
  24.05
  ","
      NMR
    ",20201110195201
313,"
  +6.36%
   ",/coin/3jmxrjOJ8xa4p+zilliqa-zil,"
    
  
  233.90 million
  ","
      Zilliqa
    ","
    
  
  0.01998
  ","
      ZIL
    ",20201110195201
314,"
  +7.20%
   ",/coin/Of-8L640D+orchidprotocol-oxt,"
    
  
  233.07 million
  ","
      Orchid Protocol
    ","
    
  
  0.2331
  ","
      OXT
    ",20201110195201
315,"
  +7.75%
   ",/coin/7q5-b6CZQ+bandprotocol-band,"
    
  
  227.80 million
  ","
      Band Protocol
    ","
    
  
  6.35
  ","
      BAND
    ",20201110195201
316,"
  +2.27%
   ",/coin/aAKLSV5-0+oceanprotocol-ocean,"
    
  
  210.10 million
  ","
      Ocean Protocol
    ","
    
  
  0.5850
  ","
      OCEAN
    ",20201110195201
317,"
  +0.25%
   ",/coin/fZBH2J_bFVMpq+insightchain-inb,"
    
  
  210.10 million
  ","
      Insight Chain
    ","
    
  
  1.23
  ","
      INB
    ",20201110195201
318,"
  +7.19%
   ",/coin/Th7joXDkesUfn+ren-ren,"
    
  
  208.06 million
  ","
      Ren
    ","
    
  
  0.3459
  ","
      REN
    ",20201110195201
319,"
  +1.24%
   ",/coin/bOm0xKUuDvCUu+qtum-qtum,"
    
  
  207.07 million
  ","
      QTUM
    ","
    
  
  2.01
  ","
      QTUM
    ",20201110195201
320,"
  +17.91%
   ",/coin/mMPrMcB7+blockstack-stx,"
    
  
  202.52 million
  ","
      Blockstack
    ","
    
  
  0.2206
  ","
      STX
    ",20201110195201
321,"
  +0.50%
   ",/coin/3cx3h5-CGPD4+bittorrent-btt,"
    
  
  193.27 million
  ","
      BitTorrent
    ","
    
  
  0.000293
  ","
      BTT
    ",20201110195201
322,"
  +0.34%
   ",/coin/PZLtXypWXRmQ7+cryptonex-cnx,"
    
  
  189.88 million
  ","
      Cryptonex
    ","
    
  
  1.90
  ","
      CNX
    ",20201110195201
323,"
  +0.96%
   ",/coin/jad286TjB+hederahashgraph-hbar,"
    
  
  189.50 million
  ","
      Hedera HashGraph
    ","
    
  
  0.03151
  ","
      HBAR
    ",20201110195201
324,"
  +5.25%
   ",/coin/U70EVFnDc6diV+icon-icx,"
    
  
  188.97 million
  ","
      ICON
    ","
    
  
  0.3607
  ","
      ICX
    ",20201110195201
325,"
  -6.15%
   ",/coin/1wJlqkxIpJKLN+decred-dcr,"
    
  
  187.03 million
  ","
      Decred
    ","
    
  
  15.29
  ","
      DCR
    ",20201110195201
326,"
  +35.70%
   ",/coin/Au8mNo2ZIlJfL+loopring-lrc,"
    
  
  184.85 million
  ","
      Loopring
    ","
    
  
  0.2113
  ","
      LRC
    ",20201110195201
327,"
  +9.82%
   ",/coin/SpWVy3vxSxnu4+kybernetwork-knc,"
    
  
  178.01 million
  ","
      Kyber Network
    ","
    
  
  0.8975
  ","
      KNC
    ",20201110195201
328,"
  -19.33%
   ",/coin/tEf7-dnwV3BXS+decentraland-mana,"
    
  
  174.68 million
  ","
      Decentraland
    ","
    
  
  0.0855
  ","
      MANA
    ",20201110195201
329,"
  +26.08%
   ",/coin/hqyKex9jsK15L+reserverightstoken-rsr,"
    
  
  173.01 million
  ","
      Reserve Rights Token
    ","
    
  
  0.01809
  ","
      RSR
    ",20201110195201
330,"
  +6.43%
   ",/coin/_NvQ_iCjZu4Ay+storj-storj,"
    
  
  158.07 million
  ","
      Storj
    ","
    
  
  0.3776
  ","
      STORJ
    ",20201110195201
331,"
  +13.94%
   ",/coin/ybmU-kKU+thorchain-rune,"
    
  
  147.16 million
  ","
      ThorChain
    ","
    
  
  0.6848
  ","
      RUNE
    ",20201110195201
332,"
  +3.15%
   ",/coin/-8WmRrc-b_6dN+lisk-lsk,"
    
  
  143.39 million
  ","
      Lisk
    ","
    
  
  1.14
  ","
      LSK
    ",20201110195201
333,"
  +6.30%
   ",/coin/bauj_21eYVwso+quant-qnt,"
    
  
  139.62 million
  ","
      Quant
    ","
    
  
  14.28
  ","
      QNT
    ",20201110195201
334,"
  +0.60%
   ",/coin/hfw0nnnLtSFc7+gas-gas,"
    
  
  134.62 million
  ","
      Gas
    ","
    
  
  1.40
  ","
      GAS
    ",20201110195201
335,"
  -0.62%
   ",/coin/2EBnWqhsi+nexusmutualtoken-nxm,"
    
  
  131.58 million
  ","
      Nexus Mutual Token
    ","
    
  
  18.69
  ","
      NXM
    ",20201110195201
336,"
  +3.33%
   ",/coin/frw2fHgZ+tokenizexchange-tkx,"
    
  
  127.47 million
  ","
      Tokenize Xchange
    ","
    
  
  1.59
  ","
      TKX
    ",20201110195201
337,"
  -2.75%
   ",/coin/1rnjJ1rInKP5K+bitcoingold-btg,"
    
  
  124.86 million
  ","
      Bitcoin Gold
    ","
    
  
  7.19
  ","
      BTG
    ",20201110195201
338,"
  +4.55%
   ",/coin/y9op7QPvbLERt+siacoin-sc,"
    
  
  122.01 million
  ","
      Siacoin
    ","
    
  
  0.00271
  ","
      SC
    ",20201110195201
339,"
  +6.70%
   ",/coin/LzC3fE0mO8okP+iost-iost,"
    
  
  116.02 million
  ","
      IOST
    ","
    
  
  0.00523
  ","
      IOST
    ",20201110195201
340,"
  +4.92%
   ",/coin/Hi6jNXshVh9FA+nexo-nexo,"
    
  
  113.86 million
  ","
      Nexo
    ","
    
  
  0.1762
  ","
      NEXO
    ",20201110195201
341,"
  +5.94%
   ",/coin/hG9iQlgtdwCvc+enjincoin-enj,"
    
  
  108.11 million
  ","
      Enjin Coin
    ","
    
  
  0.1420
  ","
      ENJ
    ",20201110195201
342,"
  +6.64%
   ",/coin/h6Bjn1mlb6Q2B+status-snt,"
    
  
  106.40 million
  ","
      Status
    ","
    
  
  0.02742
  ","
      SNT
    ",20201110195201
343,"
  +12.67%
   ",/coin/zNZHO_Sjf+solana-sol,"
    
  
  104.30 million
  ","
      Solana
    ","
    
  
  2.27
  ","
      SOL
    ",20201110195201
344,"
  +2.35%
   ",/coin/eFpCY2ATBkwOc+dxchaintoken-dx,"
    
  
  101.72 million
  ","
      DxChain Token
    ","
    
  
  0.00203
  ","
      DX
    ",20201110195201
345,"
  +12.88%
   ",/coin/MvVrm09NjVxNR+aelf-elf,"
    
  
  100.15 million
  ","
      aelf
    ","
    
  
  0.1159
  ","
      ELF
    ",20201110195201
346,"
  +0.90%
   ",/coin/rcob7NHLyEr3p+nano-nano,"
    
  
  100.02 million
  ","
      Nano
    ","
    
  
  0.7506
  ","
      NANO
    ",20201110195201
347,"
  +3.16%
   ",/coin/jxeDXwicOn_sp+golem-gnt,"
    
  
  99.69 million
  ","
      Golem
    ","
    
  
  0.1092
  ","
      GNT
    ",20201110195201
348,"
  -2.61%
   ",/coin/jLaUgCS1sTQPt+cybervein-cvt,"
    
  
  99.11 million
  ","
      CyberVein
    ","
    
  
  0.0935
  ","
      CVT
    ",20201110195201
349,"
  +7.51%
   ",/coin/Ru56fDlLB56-v+ravencoin-rvn,"
    
  
  98.85 million
  ","
      Ravencoin
    ","
    
  
  0.01330
  ","
      RVN
    ",20201110195201
350,"
  +9.86%
   ",/coin/9ZAsxbjqI+stafi-fis,"
    
  
  4.59 million
  ","
      Stafi
    ","
    
  
  0.7925
  ","
      FIS
    ",20201110195217
351,"
  +0.03%
   ",/coin/nLHHPBKDJSEee+bit-ztoken-bz,"
    
  
  4.59 million
  ","
      Bit-Z Token
    ","
    
  
  0.1021
  ","
      BZ
    ",20201110195217
352,"
  +13.82%
   ",/coin/d8HC_kAnxV1nd+wabi-wabi,"
    
  
  4.58 million
  ","
      WaBi
    ","
    
  
  0.0872
  ","
      WABI
    ",20201110195217
353,"
  -0.61%
   ",/coin/oXK95bH4OIUoj+singlecollateraldai-sai,"
    
  
  4.57 million
  ","
      Single Collateral Dai
    ","
    
  
  1.00
  ","
      SAI
    ",20201110195217
354,"
  -16.00%
   ",/coin/tGXF3WYI6pUsO+poanetwork-poa,"
    
  
  4.57 million
  ","
      POA Network
    ","
    
  
  0.02074
  ","
      POA
    ",20201110195217
355,"
  -1.81%
   ",/coin/BC-_tLM0kYxLZ+allsports-soc,"
    
  
  4.49 million
  ","
      All Sports
    ","
    
  
  0.00306
  ","
      SOC
    ",20201110195217
356,"
  +0.09%
   ",/coin/Wlt465wE9+jarvisrewardtoken-jrt,"
    
  
  4.47 million
  ","
      Jarvis Reward Token
    ","
    
  
  0.0502
  ","
      JRT
    ",20201110195217
357,"
  +1.26%
   ",/coin/kVEZYPoF-nPPH+lbrycredits-lbc,"
    
  
  4.46 million
  ","
      LBRY Credits
    ","
    
  
  0.02166
  ","
      LBC
    ",20201110195217
358,"
  +3.18%
   ",/coin/d7h5lOHNhJKFp+suncontract-snc,"
    
  
  4.42 million
  ","
      SunContract
    ","
    
  
  0.0369
  ","
      SNC
    ",20201110195217
359,"
  +5.38%
   ",/coin/EFvQK07yORgQz+vibe-vibe,"
    
  
  4.40 million
  ","
      VIBE
    ","
    
  
  0.01690
  ","
      VIBE
    ",20201110195217
360,"
  +8.88%
   ",/coin/rauWiZLXK-hjV+wepower-wpr,"
    
  
  4.26 million
  ","
      WePower
    ","
    
  
  0.00835
  ","
      WPR
    ",20201110195217
361,"
  +2.75%
   ",/coin/lJnoujJEq3us8+mithril-mith,"
    
  
  4.23 million
  ","
      Mithril
    ","
    
  
  0.00546
  ","
      MITH
    ",20201110195217
362,"
  -5.03%
   ",/coin/z1VVxbAp1+rarible-rari,"
    
  
  4.22 million
  ","
      Rarible
    ","
    
  
  2.02
  ","
      RARI
    ",20201110195217
363,"
  +0.06%
   ",/coin/VpoGHZfpJWdKQ+sentinelprotocol-upp,"
    
  
  4.19 million
  ","
      Sentinel Protocol
    ","
    
  
  0.01841
  ","
      UPP
    ",20201110195217
364,"
  +3.14%
   ",/coin/0i5DkWKQ16ZJB+skycoin-sky,"
    
  
  4.13 million
  ","
      Skycoin
    ","
    
  
  0.4128
  ","
      SKY
    ",20201110195217
365,"
  +2.43%
   ",/coin/fsD3lF3ugL8A_+digixgoldtoken-dgx,"
    
  
  4.12 million
  ","
      Digix Gold Token
    ","
    
  
  59.20
  ","
      DGX
    ",20201110195217
366,"
  -0.15%
   ",/coin/v1BXyk-fEWEB5+qlcchain-qlc,"
    
  
  4.09 million
  ","
      QLC Chain
    ","
    
  
  0.01702
  ","
      QLC
    ",20201110195217
367,"
  -1.06%
   ",/coin/McDqIrrf+xionetwork-xio,"
    
  
  4.02 million
  ","
      XIO Network
    ","
    
  
  0.2068
  ","
      XIO
    ",20201110195217
368,"
  +19.94%
   ",/coin/n9zl80RcRJtDw+singulardtv-sngls,"
    
  
  4.01 million
  ","
      SingularDTV
    ","
    
  
  0.00668
  ","
      SNGLS
    ",20201110195217
369,"
  +6.86%
   ",/coin/e2Xy-G9v2Mg2r+tokenclub-tct,"
    
  
  3.98 million
  ","
      TokenClub
    ","
    
  
  0.00826
  ","
      TCT
    ",20201110195217
370,"
  +22.63%
   ",/coin/IAN7H-tm7+swervedaotoken-swrv,"
    
  
  3.89 million
  ","
      Swerve DAO Token
    ","
    
  
  0.5190
  ","
      SWRV
    ",20201110195217
371,"
  +8.49%
   ",/coin/Mpqxdg7GV9bgx+swftcoin-swftc,"
    
  
  3.88 million
  ","
      SwftCoin
    ","
    
  
  0.001065
  ","
      SWFTC
    ",20201110195217
372,"
  +7.29%
   ",/coin/EFIhmrbxi3aRw+sonm-snm,"
    
  
  3.87 million
  ","
      SONM
    ","
    
  
  0.01076
  ","
      SNM
    ",20201110195217
373,"
  -0.94%
   ",/coin/uqwE2rwRq5y0+huobipooltoken-hpt,"
    
  
  3.77 million
  ","
      Huobi Pool Token
    ","
    
  
  0.00354
  ","
      HPT
    ",20201110195217
374,"
  +11.44%
   ",/coin/ppJXAvuHwAoan+cred-lba,"
    
  
  3.73 million
  ","
      Cred
    ","
    
  
  0.00879
  ","
      LBA
    ",20201110195217
375,"
  +4.24%
   ",/coin/u5K_1NLtARYCy+ruff-ruff,"
    
  
  3.63 million
  ","
      Ruff
    ","
    
  
  0.00386
  ","
      RUFF
    ",20201110195217
376,"
  -3.77%
   ",/coin/GnibiQdl-Tok4+highperformanceblockchain-hpb,"
    
  
  3.49 million
  ","
      High Performance Blockchain
    ","
    
  
  0.0936
  ","
      HPB
    ",20201110195217
377,"
  +6.17%
   ",/coin/uYlOAlNYrJv_t+phantasma-soul,"
    
  
  3.30 million
  ","
      Phantasma
    ","
    
  
  0.0634
  ","
      SOUL
    ",20201110195217
378,"
  +4.24%
   ",/coin/Gk7OCHARGTGXN+refereum-rfr,"
    
  
  3.30 million
  ","
      Refereum
    ","
    
  
  0.00138
  ","
      RFR
    ",20201110195217
379,"
  +3.95%
   ",/coin/G8qtAZEWLuOiC+hashgard-gard,"
    
  
  3.20 million
  ","
      Hashgard
    ","
    
  
  0.000223
  ","
      GARD
    ",20201110195217
380,"
  +3.53%
   ",/coin/nmMYB5VQgb_VT+bezant-bznt,"
    
  
  3.18 million
  ","
      Bezant
    ","
    
  
  0.00648
  ","
      BZNT
    ",20201110195217
381,"
  -1.88%
   ",/coin/Wc0yq-ZaIHf4n+hoqu-hqx,"
    
  
  3.10 million
  ","
      HOQU
    ","
    
  
  0.00419
  ","
      HQX
    ",20201110195217
382,"
  +5.45%
   ",/coin/PKx4tNEe8vCsF+mossland-moc,"
    
  
  3.02 million
  ","
      Mossland
    ","
    
  
  0.01786
  ","
      MOC
    ",20201110195217
383,"
  +4.26%
   ",/coin/W81us83bw+boeing-ba,"
    
  
  3.01 million
  ","
      Boeing
    ","
    
  
  190.09
  ","
      BA
    ",20201110195217
384,"
  -8.30%
   ",/coin/ZtpI55mZ0VUbt+hedgecoin-hedg,"
    
  
  2.99 million
  ","
      Hedgecoin
    ","
    
  
  0.8052
  ","
      HEDG
    ",20201110195217
385,"
  +2.83%
   ",/coin/9jgCbgZ_J9mj-+dero-dero,"
    
  
  2.88 million
  ","
      Dero
    ","
    
  
  0.5121
  ","
      DERO
    ",20201110195217
386,"
  +6.66%
   ",/coin/r07yy3PyFOV8G+medishares-mds,"
    
  
  2.88 million
  ","
      MediShares
    ","
    
  
  0.00279
  ","
      MDS
    ",20201110195217
387,"
  +26.97%
   ",/coin/3nMM61qeg+mcdex-mcb,"
    
  
  2.86 million
  ","
      MCDex
    ","
    
  
  1.42
  ","
      MCB
    ",20201110195217
388,"
  +5.34%
   ",/coin/kzQJNxsjyuyYO+viberate-vib,"
    
  
  2.86 million
  ","
      Viberate
    ","
    
  
  0.01609
  ","
      VIB
    ",20201110195217
389,"
  +5.28%
   ",/coin/M16JR0w3818ab+rotharium-rth,"
    
  
  2.84 million
  ","
      Rotharium
    ","
    
  
  0.8470
  ","
      RTH
    ",20201110195217
390,"
  +54.59%
   ",/coin/y9FTy8donQIwV+starta-sta,"
    
  
  2.83 million
  ","
      Starta
    ","
    
  
  0.5660
  ","
      STA
    ",20201110195217
391,"
  +0.52%
   ",/coin/d6gp9wQAt+rupiahtoken-idrt,"
    
  
  2.82 million
  ","
      Rupiah Token
    ","
    
  
  0.000071
  ","
      IDRT
    ",20201110195217
392,"
  +8.18%
   ",/coin/SDG72ei_TrMST+odyssey-ocn,"
    
  
  2.78 million
  ","
      Odyssey
    ","
    
  
  0.000278
  ","
      OCN
    ",20201110195217
393,"
  -1.94%
   ",/coin/mIZCJ4ErTWOKa+zrcoin-zrc,"
    
  
  2.76 million
  ","
      ZrCoin
    ","
    
  
  0.7042
  ","
      ZRC
    ",20201110195217
394,"
  +5.02%
   ",/coin/4j6DWn8N19SGw+appcoins-appc,"
    
  
  2.72 million
  ","
      AppCoins
    ","
    
  
  0.02720
  ","
      APPC
    ",20201110195217
395,"
  -1.30%
   ",/coin/IVw3RZM9qynPL+simpletoken-ost,"
    
  
  2.70 million
  ","
      Simple Token
    ","
    
  
  0.00936
  ","
      OST
    ",20201110195217
396,"
  -0.15%
   ",/coin/Vnk-4lXhL+cachegold-cgt,"
    
  
  2.65 million
  ","
      CACHE Gold
    ","
    
  
  59.99
  ","
      CGT
    ",20201110195217
397,"
  +7.54%
   ",/coin/mFSwkjYWd+frontiertoken-front,"
    
  
  2.62 million
  ","
      Frontier Token
    ","
    
  
  0.2206
  ","
      FRONT
    ",20201110195217
398,"
  -0.70%
   ",/coin/VpvpXyob_5qIE+egretia-egt,"
    
  
  2.60 million
  ","
      Egretia
    ","
    
  
  0.000814
  ","
      EGT
    ",20201110195217
399,"
  -0.25%
   ",/coin/NFKj0dpULBcqZ+acuteanglecloud-aac,"
    
  
  2.60 million
  ","
      Acute Angle Cloud
    ","
    
  
  0.01041
  ","
      AAC
    ",20201110195217
